<?xml version='1.0' encoding='utf-8'?>
<benchmark>
  <entries>
    <entry category="Monument" eid="Id1" shape="(X (X) (X) (X) (X) (X) (X) (X))" shape_type="sibling" size="7">
      <originaltripleset>
        <otriple>11th_Mississippi_Infantry_Monument | country | "United States"@en</otriple>
        <otriple>11th_Mississippi_Infantry_Monument | range | Seminary_Ridge</otriple>
        <otriple>11th_Mississippi_Infantry_Monument | region | Adams_County,_Pennsylvania</otriple>
        <otriple>11th_Mississippi_Infantry_Monument | state | "Pennsylvania"@en</otriple>
        <otriple>11th_Mississippi_Infantry_Monument | established | 2000</otriple>
        <otriple>11th_Mississippi_Infantry_Monument | category | Contributing_property</otriple>
        <otriple>11th_Mississippi_Infantry_Monument | municipality | Gettysburg,_Pennsylvania</otriple>
      </originaltripleset>
      <modifiedtripleset>
        <mtriple>11th_Mississippi_Infantry_Monument | country | "United States"</mtriple>
        <mtriple>11th_Mississippi_Infantry_Monument | location | Seminary_Ridge</mtriple>
        <mtriple>11th_Mississippi_Infantry_Monument | location | Adams_County,_Pennsylvania</mtriple>
        <mtriple>11th_Mississippi_Infantry_Monument | state | "Pennsylvania"</mtriple>
        <mtriple>11th_Mississippi_Infantry_Monument | established | 2000</mtriple>
        <mtriple>11th_Mississippi_Infantry_Monument | category | Contributing_property</mtriple>
        <mtriple>11th_Mississippi_Infantry_Monument | municipality | Gettysburg,_Pennsylvania</mtriple>
      </modifiedtripleset>
      <lex comment="good" lid="Id1">The 11th Mississippi Infantry Monument is located at Seminary Ridge in Adams County in the municipality of Gettysburg Pennsylvania (United States). It was established in the year 2000 and is categorised as a contributing property.</lex>
      <lex comment="good" lid="Id2">The 11th Mississippi Infantry Monument (completed in 2000) is a contributing property found at Seminary Ridge, Adams County, in the municipality of Gettysburg in the American state of Pennsylvania.</lex>
      <lex comment="good" lid="Id3">Seminary Ridge in Gettysburg is located in Adams County, Pennsylvania and is the location of the 11th Mississippi Infantry monument which was established in 2000 and categorised as a contributing property within the United States.</lex>
    </entry>
    <entry category="Monument" eid="Id2" shape="(X (X) (X) (X) (X) (X (X) (X)))" shape_type="mixed" size="7">
      <originaltripleset>
        <otriple>11th_Mississippi_Infantry_Monument | country | "United States"@en</otriple>
        <otriple>Adams_County,_Pennsylvania | southeast | Carroll_County,_Maryland</otriple>
        <otriple>11th_Mississippi_Infantry_Monument | established | 2000</otriple>
        <otriple>Adams_County,_Pennsylvania | north | Cumberland_County,_Pennsylvania</otriple>
        <otriple>11th_Mississippi_Infantry_Monument | state | "Pennsylvania"@en</otriple>
        <otriple>11th_Mississippi_Infantry_Monument | category | Contributing_property</otriple>
        <otriple>11th_Mississippi_Infantry_Monument | region | Adams_County,_Pennsylvania</otriple>
      </originaltripleset>
      <modifiedtripleset>
        <mtriple>11th_Mississippi_Infantry_Monument | country | "United States"</mtriple>
        <mtriple>Adams_County,_Pennsylvania | has to its southeast | Carroll_County,_Maryland</mtriple>
        <mtriple>11th_Mississippi_Infantry_Monument | established | 2000</mtriple>
        <mtriple>Adams_County,_Pennsylvania | has to its north | Cumberland_County,_Pennsylvania</mtriple>
        <mtriple>11th_Mississippi_Infantry_Monument | state | "Pennsylvania"</mtriple>
        <mtriple>11th_Mississippi_Infantry_Monument | category | Contributing_property</mtriple>
        <mtriple>11th_Mississippi_Infantry_Monument | location | Adams_County,_Pennsylvania</mtriple>
      </modifiedtripleset>
      <lex comment="good" lid="Id1">11th Mississippi Infantry Monument has been established in 2000 and is categorised as a contributing property. It is located in Adams County, Pennsylvania (United States). Carroll County Maryland is southeast of Adams county Pennsylvania and Pennsylvania's Cumberland County is to the north of the Adams County.</lex>
      <lex comment="good" lid="Id2">The 11th Mississippi Infantry Monument was established in 2000 in Adams County, Pennsylvania and is categorised as a contributing property of the United States. Adams County is located south of Cumberland County and Carroll County in Maryland lie to the southeast.</lex>
      <lex comment="good" lid="Id3">The 11th Mississippi Infantry Monument was established in 2000 and is categorised as a contributing property. It is located in Adams County, Pennsylvania state (in the US). Adams County, Pennsylvania has Carroll County, Maryland to its southeast and Pennsylvania's Cumberland County is to the north of the Adams County.</lex>
    </entry>
    <entry category="Monument" eid="Id3" shape="(X (X) (X) (X (X) (X) (X) (X)))" shape_type="mixed" size="7">
      <originaltripleset>
        <otriple>11th_Mississippi_Infantry_Monument | country | "United States"@en</otriple>
        <otriple>Adams_County,_Pennsylvania | west | Franklin_County,_Pennsylvania</otriple>
        <otriple>Adams_County,_Pennsylvania | southeast | Carroll_County,_Maryland</otriple>
        <otriple>Adams_County,_Pennsylvania | north | Cumberland_County,_Pennsylvania</otriple>
        <otriple>Adams_County,_Pennsylvania | southwest | Frederick_County,_Maryland</otriple>
        <otriple>11th_Mississippi_Infantry_Monument | category | Contributing_property</otriple>
        <otriple>11th_Mississippi_Infantry_Monument | region | Adams_County,_Pennsylvania</otriple>
      </originaltripleset>
      <modifiedtripleset>
        <mtriple>11th_Mississippi_Infantry_Monument | country | "United States"</mtriple>
        <mtriple>Adams_County,_Pennsylvania | has to its west | Franklin_County,_Pennsylvania</mtriple>
        <mtriple>Adams_County,_Pennsylvania | has to its southeast | Carroll_County,_Maryland</mtriple>
        <mtriple>Adams_County,_Pennsylvania | has to its north | Cumberland_County,_Pennsylvania</mtriple>
        <mtriple>Adams_County,_Pennsylvania | has to its southwest | Frederick_County,_Maryland</mtriple>
        <mtriple>11th_Mississippi_Infantry_Monument | category | Contributing_property</mtriple>
        <mtriple>11th_Mississippi_Infantry_Monument | location | Adams_County,_Pennsylvania</mtriple>
      </modifiedtripleset>
      <lex comment="good" lid="Id1">The 11th Mississippi Infantry Monument is categorized as a Contributing property, and is found in Adams County, Pennsylvania, in the US. Adams County is to the east of Franklin County, Pennsylvania, and it has Carroll County Maryland to its southeast, Pennsylvania's Cumberland County to its north, and Maryland's Frederick County to its southwest.</lex>
      <lex comment="good" lid="Id2">Adams County is located in Pennsylvania, United States to the south of Cumberland County and to the east of Franklin County. Frederick County, Maryland is to the southwest and Carroll County, Maryland to the southeast. Adams County is the location of the 11th Mississippi Infantry monument which is categorised as a contributing property.</lex>
      <lex comment="good" lid="Id3">Adams County, Pennsylvania which lies east of Franklin County, south of Cumberland County, northwest of Carroll County, Maryland and northeast of Frederick County, is the location of the 11th Mississippi Infantry monument which was established in 2000 and categorised as a contributing property within the United States.</lex>
    </entry>
    <entry category="Monument" eid="Id4" shape="(X (X) (X) (X) (X (X) (X) (X)))" shape_type="mixed" size="7">
      <originaltripleset>
        <otriple>Adams_County,_Pennsylvania | southeast | Carroll_County,_Maryland</otriple>
        <otriple>11th_Mississippi_Infantry_Monument | established | 2000</otriple>
        <otriple>Adams_County,_Pennsylvania | north | Cumberland_County,_Pennsylvania</otriple>
        <otriple>Adams_County,_Pennsylvania | southwest | Frederick_County,_Maryland</otriple>
        <otriple>11th_Mississippi_Infantry_Monument | state | "Pennsylvania"@en</otriple>
        <otriple>11th_Mississippi_Infantry_Monument | category | Contributing_property</otriple>
        <otriple>11th_Mississippi_Infantry_Monument | region | Adams_County,_Pennsylvania</otriple>
      </originaltripleset>
      <modifiedtripleset>
        <mtriple>Adams_County,_Pennsylvania | has to its southeast | Carroll_County,_Maryland</mtriple>
        <mtriple>11th_Mississippi_Infantry_Monument | established | 2000</mtriple>
        <mtriple>Adams_County,_Pennsylvania | has to its north | Cumberland_County,_Pennsylvania</mtriple>
        <mtriple>Adams_County,_Pennsylvania | has to its southwest | Frederick_County,_Maryland</mtriple>
        <mtriple>11th_Mississippi_Infantry_Monument | state | "Pennsylvania"</mtriple>
        <mtriple>11th_Mississippi_Infantry_Monument | category | Contributing_property</mtriple>
        <mtriple>11th_Mississippi_Infantry_Monument | location | Adams_County,_Pennsylvania</mtriple>
      </modifiedtripleset>
      <lex comment="good" lid="Id1">Frederick County Maryland is to the south west of Adams County, Pennsylvania. To the south of Adams County is Cumberland County and to the northwest Carroll County, Maryland. Adams County is the location of the 11th Mississippi Infantry monument which was established in 2000 and categorised as a contributing property within the United States.</lex>
      <lex comment="good" lid="Id2">The 11th Mississippi Infantry monument, established in 2000, is categorised as a contributing property and located in Adams County, Pennsylvania which is north of Cumberland County. The County is northwest of Maryland's Carroll County and northeast of Frederick County, Maryland.</lex>
      <lex comment="good" lid="Id3">Adams County in Pennsylvania is located south of Cumberland County. Frederick County, Maryland is to the southwest and Carroll County, Maryland is to the southeast. The County is the location of the 11th Mississippi Infantry monument which was established in 2000 and is categorised as a contributing property.</lex>
    </entry>
    <entry category="Monument" eid="Id5" shape="(X (X) (X) (X) (X (X) (X) (X)))" shape_type="mixed" size="7">
      <originaltripleset>
        <otriple>Adams_County,_Pennsylvania | west | Franklin_County,_Pennsylvania</otriple>
        <otriple>Adams_County,_Pennsylvania | southeast | Carroll_County,_Maryland</otriple>
        <otriple>11th_Mississippi_Infantry_Monument | established | 2000</otriple>
        <otriple>Adams_County,_Pennsylvania | north | Cumberland_County,_Pennsylvania</otriple>
        <otriple>11th_Mississippi_Infantry_Monument | category | Contributing_property</otriple>
        <otriple>11th_Mississippi_Infantry_Monument | municipality | Gettysburg,_Pennsylvania</otriple>
        <otriple>11th_Mississippi_Infantry_Monument | region | Adams_County,_Pennsylvania</otriple>
      </originaltripleset>
      <modifiedtripleset>
        <mtriple>Adams_County,_Pennsylvania | has to its west | Franklin_County,_Pennsylvania</mtriple>
        <mtriple>Adams_County,_Pennsylvania | has to its southeast | Carroll_County,_Maryland</mtriple>
        <mtriple>11th_Mississippi_Infantry_Monument | established | 2000</mtriple>
        <mtriple>Adams_County,_Pennsylvania | has to its north | Cumberland_County,_Pennsylvania</mtriple>
        <mtriple>11th_Mississippi_Infantry_Monument | category | Contributing_property</mtriple>
        <mtriple>11th_Mississippi_Infantry_Monument | municipality | Gettysburg,_Pennsylvania</mtriple>
        <mtriple>11th_Mississippi_Infantry_Monument | location | Adams_County,_Pennsylvania</mtriple>
      </modifiedtripleset>
      <lex comment="good" lid="Id1">Gettysburg is located in Adams County, Pennsylvania which lies to the south of Cumberland County, east of Franklin County and to the northwest of Carroll County, Maryland. It is the location of the 11th Mississippi Infantry monument which was established in 2000 and categorised as a contributing property within the United States.</lex>
      <lex comment="good" lid="Id2">The 11th Mississippi Infantry monument is located in the municipality of Gettysburg, Adams County which was established in 2000 and categorised as a contributing property. Adams County in Pennsylvania is located to the east of Franklin County and south of Cumberland County. To the north west is Carroll County, Maryland.</lex>
    </entry>
    <entry category="Monument" eid="Id6" shape="(X (X) (X) (X (X) (X) (X) (X)))" shape_type="mixed" size="7">
      <originaltripleset>
        <otriple>Adams_County,_Pennsylvania | west | Franklin_County,_Pennsylvania</otriple>
        <otriple>Adams_County,_Pennsylvania | southeast | Carroll_County,_Maryland</otriple>
        <otriple>11th_Mississippi_Infantry_Monument | established | 2000</otriple>
        <otriple>Adams_County,_Pennsylvania | north | Cumberland_County,_Pennsylvania</otriple>
        <otriple>Adams_County,_Pennsylvania | southwest | Frederick_County,_Maryland</otriple>
        <otriple>11th_Mississippi_Infantry_Monument | category | Contributing_property</otriple>
        <otriple>11th_Mississippi_Infantry_Monument | region | Adams_County,_Pennsylvania</otriple>
      </originaltripleset>
      <modifiedtripleset>
        <mtriple>Adams_County,_Pennsylvania | has to its west | Franklin_County,_Pennsylvania</mtriple>
        <mtriple>Adams_County,_Pennsylvania | has to its southeast | Carroll_County,_Maryland</mtriple>
        <mtriple>11th_Mississippi_Infantry_Monument | established | 2000</mtriple>
        <mtriple>Adams_County,_Pennsylvania | has to its north | Cumberland_County,_Pennsylvania</mtriple>
        <mtriple>Adams_County,_Pennsylvania | has to its southwest | Frederick_County,_Maryland</mtriple>
        <mtriple>11th_Mississippi_Infantry_Monument | category | Contributing_property</mtriple>
        <mtriple>11th_Mississippi_Infantry_Monument | location | Adams_County,_Pennsylvania</mtriple>
      </modifiedtripleset>
      <lex comment="good" lid="Id1">Adams County lies to the east of Franklin County and south of Cumberland County, Pennsylvania. Carroll County in Maryland lies to the southeast and Frederick County, Maryland to the southwest. The 11th Mississippi Infantry monument which was completed in 2000 is located in Adams County and categorised as contributing property.</lex>
      <lex comment="good" lid="Id2">Adams County Pennsylvania is East of Franklin County, Pennsylvania. To the southeast is Carroll County, Maryland. Adams County has Cumberland County to its north and Frederick County, Maryland to its southwest. The 11th Mississippi Infantry Monument is in this county and was completed in 2000. This Monument is categorized as a Contributing Property.</lex>
      <lex comment="good" lid="Id3">The 11th Mississippi Infantry Monument was established in 2000 in Adams County, Pennsylvania and is categorised as a contributing property. Adams County is located east of Franklin County and south of Cumberland County. Carroll County and Frederick County in Maryland lie to the southeast and southwest respectively.</lex>
    </entry>
    <entry category="Monument" eid="Id7" shape="(X (X) (X) (X (X) (X) (X) (X)))" shape_type="mixed" size="7">
      <originaltripleset>
        <otriple>Adams_County,_Pennsylvania | west | Franklin_County,_Pennsylvania</otriple>
        <otriple>Adams_County,_Pennsylvania | southeast | Carroll_County,_Maryland</otriple>
        <otriple>Adams_County,_Pennsylvania | north | Cumberland_County,_Pennsylvania</otriple>
        <otriple>Adams_County,_Pennsylvania | southwest | Frederick_County,_Maryland</otriple>
        <otriple>11th_Mississippi_Infantry_Monument | category | Contributing_property</otriple>
        <otriple>11th_Mississippi_Infantry_Monument | municipality | Gettysburg,_Pennsylvania</otriple>
        <otriple>11th_Mississippi_Infantry_Monument | region | Adams_County,_Pennsylvania</otriple>
      </originaltripleset>
      <modifiedtripleset>
        <mtriple>Adams_County,_Pennsylvania | has to its west | Franklin_County,_Pennsylvania</mtriple>
        <mtriple>Adams_County,_Pennsylvania | has to its southeast | Carroll_County,_Maryland</mtriple>
        <mtriple>Adams_County,_Pennsylvania | has to its north | Cumberland_County,_Pennsylvania</mtriple>
        <mtriple>Adams_County,_Pennsylvania | has to its southwest | Frederick_County,_Maryland</mtriple>
        <mtriple>11th_Mississippi_Infantry_Monument | category | Contributing_property</mtriple>
        <mtriple>11th_Mississippi_Infantry_Monument | municipality | Gettysburg,_Pennsylvania</mtriple>
        <mtriple>11th_Mississippi_Infantry_Monument | location | Adams_County,_Pennsylvania</mtriple>
      </modifiedtripleset>
      <lex comment="good" lid="Id1">The 11th Mississippi Infantry Monument falls under the category of Contributing property, and is located in the municipality of Gettysburg in Adams County, Pennsylvania. This county is to the east of Franklin County, and has Cumberland County to its north and Carroll County (Maryland) to its southeast and Frederick County (Maryland) to its southwest.</lex>
      <lex comment="good" lid="Id2">The 11th Mississippi Infantry Monument is situated in Gettysburg, Adams County, Pennsylvania and is categorised as a contributing property. Adams County is located east of Franklin County and south of Cumberland County. Carroll County and Frederick County in Maryland lie to the southeast and southwest respectively.</lex>
      <lex comment="good" lid="Id3">Adams County in Pennsylvania is located east of Franklin County and south of Cumberland County. Southeast is Carroll County, Maryland and Frederick County, Maryland is to the southwest. The 11th Mississippi Infantry Monument is located in the municipality of Gettysburg, Adams County and is categorised as a contributing property.</lex>
    </entry>
    <entry category="Monument" eid="Id8" shape="(X (X) (X) (X) (X (X) (X) (X)))" shape_type="mixed" size="7">
      <originaltripleset>
        <otriple>Azerbaijan | capital | Baku</otriple>
        <otriple>Azerbaijan | leaderTitle | Prime_Minister_of_Azerbaijan</otriple>
        <otriple>Baku_Turkish_Martyrs'_Memorial | dedicatedTo | "Ottoman Army soldiers killed in the Battle of Baku"@en</otriple>
        <otriple>Baku_Turkish_Martyrs'_Memorial | location | Azerbaijan</otriple>
        <otriple>Baku_Turkish_Martyrs'_Memorial | nativeName | "Türk Şehitleri Anıtı"@en</otriple>
        <otriple>Baku_Turkish_Martyrs'_Memorial | designer | "Hüseyin Bütüner and Hilmi Güner"@en</otriple>
        <otriple>Azerbaijan | legislature | National_Assembly_(Azerbaijan)</otriple>
      </originaltripleset>
      <modifiedtripleset>
        <mtriple>Azerbaijan | capital | Baku</mtriple>
        <mtriple>Azerbaijan | leaderTitle | Prime_Minister_of_Azerbaijan</mtriple>
        <mtriple>Baku_Turkish_Martyrs'_Memorial | dedicatedTo | "Ottoman Army soldiers killed in the Battle of Baku"</mtriple>
        <mtriple>Baku_Turkish_Martyrs'_Memorial | location | Azerbaijan</mtriple>
        <mtriple>Baku_Turkish_Martyrs'_Memorial | nativeName | "Türk Şehitleri Anıtı"</mtriple>
        <mtriple>Baku_Turkish_Martyrs'_Memorial | designer | "Hüseyin Bütüner and Hilmi Güner"</mtriple>
        <mtriple>Azerbaijan | legislature | National_Assembly_(Azerbaijan)</mtriple>
      </modifiedtripleset>
      <lex comment="good" lid="Id1">The leader of Azerbaijan is called the Prime Minister of Azerbaijan. The capital of Azerbaijan is Baku. In Baku is the Baku Turkish Martyrs's Memorial located which was designed by Huseyin Butuner and Hilmi Guner. Turk Sehitleri Aniti is the native name for the Baku Turkish Martyrs' Memorial, which is dedicated to the Ottoman Army soldiers killed in the Battle of Baku. The source of legislature in Azerbaijan is the National Assembly.</lex>
      <lex comment="good" lid="Id2">The capital of Baku is Azerbaijan with its leader called the Prime Minister and its legislative branch called the National Assembly. The Baku Turkish Martyrs Memorial was designed by Huseyin Butuner and Hilmi Guner and is found in Azerbaijan. It is dedicated to soldiers killed in the Battle of Baku. The Memorial is known locally as Türk Şehitleri Anıtı.</lex>
      <lex comment="good" lid="Id3">The Azerbijan leader is the Prime Minister of Azerbaijan and it has a legislature called the Azerbaijan National Assembly. Baku is the capital of Azerbaijan. In Baku there is a Turkish Martyrs' Memorial dedicated to the soldiers killed in the Battle of Baku. The original name of the monument is Turk Sehitleri Aniti. The Memorial was designed by Hüseyin Bütüner and Hilmi Güner.</lex>
    </entry>
    <entry category="Monument" eid="Id9" shape="(X (X) (X) (X (X) (X) (X) (X)))" shape_type="mixed" size="7">
      <originaltripleset>
        <otriple>Azerbaijan | capital | Baku</otriple>
        <otriple>Azerbaijan | leaderTitle | Prime_Minister_of_Azerbaijan</otriple>
        <otriple>Baku_Turkish_Martyrs'_Memorial | location | Azerbaijan</otriple>
        <otriple>Baku_Turkish_Martyrs'_Memorial | nativeName | "Türk Şehitleri Anıtı"@en</otriple>
        <otriple>Azerbaijan | leaderName | Artur_Rasizade</otriple>
        <otriple>Baku_Turkish_Martyrs'_Memorial | designer | "Hüseyin Bütüner and Hilmi Güner"@en</otriple>
        <otriple>Azerbaijan | legislature | National_Assembly_(Azerbaijan)</otriple>
      </originaltripleset>
      <modifiedtripleset>
        <mtriple>Azerbaijan | capital | Baku</mtriple>
        <mtriple>Azerbaijan | leaderTitle | Prime_Minister_of_Azerbaijan</mtriple>
        <mtriple>Baku_Turkish_Martyrs'_Memorial | location | Azerbaijan</mtriple>
        <mtriple>Baku_Turkish_Martyrs'_Memorial | nativeName | "Türk Şehitleri Anıtı"</mtriple>
        <mtriple>Azerbaijan | leaderName | Artur_Rasizade</mtriple>
        <mtriple>Baku_Turkish_Martyrs'_Memorial | designer | "Hüseyin Bütüner and Hilmi Güner"</mtriple>
        <mtriple>Azerbaijan | legislature | National_Assembly_(Azerbaijan)</mtriple>
      </modifiedtripleset>
      <lex comment="good" lid="Id1">The leader of Azerbaijan is Prime Minister Artur Rasizade and the legislature is the National Assembly. The Turk Sehitleri Aniti, usually known as the Baku Turkish Martyrs' Memorial is located in the country, where the capital city is Baku. It was designed by Huseyin Butuner and Hilmi Guner.</lex>
      <lex comment="good" lid="Id2">Prime Minister Artur Rasizade is the leader of Azerbaijan which has Baku as its capital city and the National Assembly is the official legislature. The country is the location of the Baku Turkish Martyrs memorial which is known locally as Turk Sehitleri Aniti and was designed by Huseyin Butuner and Hilmi Guner.</lex>
      <lex comment="good" lid="Id3">Baku is the capital city of Azerbaijan where the leader is Prime Minister Artur Rasizade and the legislature is the National Assembly. The country is the location of the Baku Turkish Martyrs memorial, also known as the Turk Sehitleri Aniti, designed by Huseyin Butuner and Hilmi Guner.</lex>
    </entry>
    <entry category="Monument" eid="Id10" shape="(X (X) (X) (X) (X (X) (X) (X)))" shape_type="mixed" size="7">
      <originaltripleset>
        <otriple>Azerbaijan | capital | Baku</otriple>
        <otriple>Baku_Turkish_Martyrs'_Memorial | dedicatedTo | "Ottoman Army soldiers killed in the Battle of Baku"@en</otriple>
        <otriple>Baku_Turkish_Martyrs'_Memorial | location | Azerbaijan</otriple>
        <otriple>Baku_Turkish_Martyrs'_Memorial | nativeName | "Türk Şehitleri Anıtı"@en</otriple>
        <otriple>Azerbaijan | leaderName | Artur_Rasizade</otriple>
        <otriple>Baku_Turkish_Martyrs'_Memorial | designer | "Hüseyin Bütüner and Hilmi Güner"@en</otriple>
        <otriple>Azerbaijan | legislature | National_Assembly_(Azerbaijan)</otriple>
      </originaltripleset>
      <modifiedtripleset>
        <mtriple>Azerbaijan | capital | Baku</mtriple>
        <mtriple>Baku_Turkish_Martyrs'_Memorial | dedicatedTo | "Ottoman Army soldiers killed in the Battle of Baku"</mtriple>
        <mtriple>Baku_Turkish_Martyrs'_Memorial | location | Azerbaijan</mtriple>
        <mtriple>Baku_Turkish_Martyrs'_Memorial | nativeName | "Türk Şehitleri Anıtı"</mtriple>
        <mtriple>Azerbaijan | leaderName | Artur_Rasizade</mtriple>
        <mtriple>Baku_Turkish_Martyrs'_Memorial | designer | "Hüseyin Bütüner and Hilmi Güner"</mtriple>
        <mtriple>Azerbaijan | legislature | National_Assembly_(Azerbaijan)</mtriple>
      </modifiedtripleset>
      <lex comment="good" lid="Id1">The leader of Azerbaijan is Artur Rasizade. It has a legislature known as the National Assembly. Baku is the capital of Azerbaijan. The Baku Turkish Martyrs' Memorial is in Azerbaijan and is in dedication to the Ottoman Army Soldiers killed at the Battle of Baku. It was designed by Huseyin Butuner and Hilmi Guner. The native name of the Memorial is Turk Sehitleri Aniti.</lex>
      <lex comment="good" lid="Id2">The leader of Azerbaijan is Artur Rasizade, the capital city is Baku and the legislature is the National Assembly. The city is the location of the Baku Turkish Martyrs memorial designed by Huseyin Butuner and Hilmi Guner. It is dedicated to the soldiers of the Ottoman army killed in the Battle of Baku and has the local name of Turk Sehitleri Aniti.</lex>
      <lex comment="good" lid="Id3">Azerbaijan leader's name is Artur Rasizade and its capital is in Baku with the legislature in Azerbaijan called The National Assembly. Baku has the Turkish Martyrs' Memorial, designed by Huseyin Butuner and Hilmi Guner, and dedicated to the Ottoman Army Soldiers killed in the Battle of Baku The Native name of the Memorial is "Türk Sehitleri Aniti".</lex>
    </entry>
    <entry category="Monument" eid="Id11" shape="(X (X) (X) (X) (X (X) (X) (X)))" shape_type="mixed" size="7">
      <originaltripleset>
        <otriple>Azerbaijan | capital | Baku</otriple>
        <otriple>Baku_Turkish_Martyrs'_Memorial | material | "Red granite and white marble"@en</otriple>
        <otriple>Azerbaijan | leaderTitle | Prime_Minister_of_Azerbaijan</otriple>
        <otriple>Baku_Turkish_Martyrs'_Memorial | dedicatedTo | "Ottoman Army soldiers killed in the Battle of Baku"@en</otriple>
        <otriple>Baku_Turkish_Martyrs'_Memorial | location | Azerbaijan</otriple>
        <otriple>Azerbaijan | leaderName | Artur_Rasizade</otriple>
        <otriple>Baku_Turkish_Martyrs'_Memorial | designer | "Hüseyin Bütüner and Hilmi Güner"@en</otriple>
      </originaltripleset>
      <modifiedtripleset>
        <mtriple>Azerbaijan | capital | Baku</mtriple>
        <mtriple>Baku_Turkish_Martyrs'_Memorial | material | "Red granite and white marble"</mtriple>
        <mtriple>Azerbaijan | leaderTitle | Prime_Minister_of_Azerbaijan</mtriple>
        <mtriple>Baku_Turkish_Martyrs'_Memorial | dedicatedTo | "Ottoman Army soldiers killed in the Battle of Baku"</mtriple>
        <mtriple>Baku_Turkish_Martyrs'_Memorial | location | Azerbaijan</mtriple>
        <mtriple>Azerbaijan | leaderName | Artur_Rasizade</mtriple>
        <mtriple>Baku_Turkish_Martyrs'_Memorial | designer | "Hüseyin Bütüner and Hilmi Güner"</mtriple>
      </modifiedtripleset>
      <lex comment="good" lid="Id1">Huseyin Butuner and Hilmi Guner designed the red granite and white marble Baku Turkish Martyrs memorial which is located in Azerbaijan and dedicated to the Ottoman army soldiers killed in the Battle of Baku, the capital city. Prime Minister Artur Rasizade is the current leader of the country.</lex>
      <lex comment="good" lid="Id2">Baku is the capital of Azerbaijan which is led by Prime Minister Artur Rasizade. The city is the location of the Baku Turkish Martyrs' memorial designed in red granite and white marble by Huseyin Butuner and Hilmi Guner. The memorial is dedicated to the soldiers of the Ottoman army who were killed at the Battle of Baku.</lex>
      <lex comment="good" lid="Id3">The Baku Turkish Martyrs' Memorial was designed in red granite and white marble by Huseyin Butuner and Hilmi Guner, and it is dedicated to the Ottoman Army soldiers killed in the Battle of Baku. It is found in Baku, the capital of Azerbaijan, a country led by the Prime Minister of Azerbaijan, Artur Rasizade.</lex>
    </entry>
    <entry category="Monument" eid="Id12" shape="(X (X) (X) (X) (X (X) (X) (X)))" shape_type="mixed" size="7">
      <originaltripleset>
        <otriple>Azerbaijan | capital | Baku</otriple>
        <otriple>Baku_Turkish_Martyrs'_Memorial | material | "Red granite and white marble"@en</otriple>
        <otriple>Baku_Turkish_Martyrs'_Memorial | dedicatedTo | "Ottoman Army soldiers killed in the Battle of Baku"@en</otriple>
        <otriple>Baku_Turkish_Martyrs'_Memorial | location | Azerbaijan</otriple>
        <otriple>Azerbaijan | leaderName | Artur_Rasizade</otriple>
        <otriple>Baku_Turkish_Martyrs'_Memorial | designer | "Hüseyin Bütüner and Hilmi Güner"@en</otriple>
        <otriple>Azerbaijan | legislature | National_Assembly_(Azerbaijan)</otriple>
      </originaltripleset>
      <modifiedtripleset>
        <mtriple>Azerbaijan | capital | Baku</mtriple>
        <mtriple>Baku_Turkish_Martyrs'_Memorial | material | "Red granite and white marble"</mtriple>
        <mtriple>Baku_Turkish_Martyrs'_Memorial | dedicatedTo | "Ottoman Army soldiers killed in the Battle of Baku"</mtriple>
        <mtriple>Baku_Turkish_Martyrs'_Memorial | location | Azerbaijan</mtriple>
        <mtriple>Azerbaijan | leaderName | Artur_Rasizade</mtriple>
        <mtriple>Baku_Turkish_Martyrs'_Memorial | designer | "Hüseyin Bütüner and Hilmi Güner"</mtriple>
        <mtriple>Azerbaijan | legislature | National_Assembly_(Azerbaijan)</mtriple>
      </modifiedtripleset>
      <lex comment="good" lid="Id1">The Baku Turkish Martyrs' Memorial is a monument created in red granite and white marble by its designers Huseyin Butuner and Hilmi Guner, and is dedicated to the Ottoman Army soldiers killed in the Battle of Baku. It is found in Baku, the capital of Azerbaijan, a country led by Artur Rasizade, and with the National Assembly as its source of legislature.</lex>
      <lex comment="good" lid="Id2">Baku is the capital city of Azerbaijan where the legislature is the National Assembly and the leader is Artur Rasizade. The city is the location of the Baku Turkish Martyrs' memorial designed by Huseyin Butuner and Hilmi Guner in red granite and white marble. The memorial commemorates the soldiers of the Ottoman army who were killed in the Battle of Baku.</lex>
      <lex comment="good" lid="Id3">Baku is the capital city of Azerbaijan where the leader is Artur Rasizade and the legislature is the National Assembly. It is the location of the red granite and white marble Baku Turkish Martyrs memorial designed by Hilmi Guner and Huseyin Butuner and dedicated to the soldiers of the Ottoman army who lost their lives at the Battle of Baku.</lex>
    </entry>
    <entry category="Monument" eid="Id13" shape="(X (X) (X) (X) (X) (X (X) (X)))" shape_type="mixed" size="7">
      <originaltripleset>
        <otriple>Azerbaijan | capital | Baku</otriple>
        <otriple>Baku_Turkish_Martyrs'_Memorial | material | "Red granite and white marble"@en</otriple>
        <otriple>Baku_Turkish_Martyrs'_Memorial | dedicatedTo | "Ottoman Army soldiers killed in the Battle of Baku"@en</otriple>
        <otriple>Baku_Turkish_Martyrs'_Memorial | location | Azerbaijan</otriple>
        <otriple>Baku_Turkish_Martyrs'_Memorial | nativeName | "Türk Şehitleri Anıtı"@en</otriple>
        <otriple>Azerbaijan | leaderName | Artur_Rasizade</otriple>
        <otriple>Baku_Turkish_Martyrs'_Memorial | designer | "Hüseyin Bütüner and Hilmi Güner"@en</otriple>
      </originaltripleset>
      <modifiedtripleset>
        <mtriple>Azerbaijan | capital | Baku</mtriple>
        <mtriple>Baku_Turkish_Martyrs'_Memorial | material | "Red granite and white marble"</mtriple>
        <mtriple>Baku_Turkish_Martyrs'_Memorial | dedicatedTo | "Ottoman Army soldiers killed in the Battle of Baku"</mtriple>
        <mtriple>Baku_Turkish_Martyrs'_Memorial | location | Azerbaijan</mtriple>
        <mtriple>Baku_Turkish_Martyrs'_Memorial | nativeName | "Türk Şehitleri Anıtı"</mtriple>
        <mtriple>Azerbaijan | leaderName | Artur_Rasizade</mtriple>
        <mtriple>Baku_Turkish_Martyrs'_Memorial | designer | "Hüseyin Bütüner and Hilmi Güner"</mtriple>
      </modifiedtripleset>
      <lex comment="good" lid="Id1">Artur Rasizade is the leader of Azerbaijan where the Baku Turkish Martyrs Memorial dedicated to the soldiers of the Ottoman army who died at the Battle of Baku. The memorial was designed in red granite and white marble by Huseyin Butuner and Hilmi Guner and is known locally as Turk Sehitleri Aniti.</lex>
      <lex comment="good" lid="Id2">Artur Rasizade is the leader of Azerbaijan where the capital city is Baku. The country is the location of the Baku Turkish Martyrs Memorial which commemorates the soldiers of the Ottoman army who were killed in the Battle of Baku. The memorial has been designed in red granite and white marble by Huseyin Butuner and Hilmi Guner and has the local name of Turk Sehitleri Aniti.</lex>
      <lex comment="good" lid="Id3">Baku is the capital of Azerbaijan where Artur Rasizade is the leader. The city is the location of the Baku Turkish Martyrs memorial which was designed by Huseyin Butuner and Hilmi Guner in red granite and white marble. The memorial is dedicated to the soldiers of the Ottoman army who died in the Battle of Baku. The memorial has the local name of Turk Sehitleri Aniti.</lex>
    </entry>
    <entry category="Monument" eid="Id14" shape="(X (X) (X) (X) (X (X) (X) (X)))" shape_type="mixed" size="7">
      <originaltripleset>
        <otriple>Azerbaijan | leader | Artur_Rasizade</otriple>
        <otriple>Azerbaijan | capital | Baku</otriple>
        <otriple>Baku_Turkish_Martyrs'_Memorial | material | "Red granite and white marble"@en</otriple>
        <otriple>Azerbaijan | leaderTitle | Prime_Minister_of_Azerbaijan</otriple>
        <otriple>Baku_Turkish_Martyrs'_Memorial | dedicatedTo | "Ottoman Army soldiers killed in the Battle of Baku"@en</otriple>
        <otriple>Baku_Turkish_Martyrs'_Memorial | location | Azerbaijan</otriple>
        <otriple>Baku_Turkish_Martyrs'_Memorial | designer | "Hüseyin Bütüner and Hilmi Güner"@en</otriple>
      </originaltripleset>
      <modifiedtripleset>
        <mtriple>Azerbaijan | leader | Artur_Rasizade</mtriple>
        <mtriple>Azerbaijan | capital | Baku</mtriple>
        <mtriple>Baku_Turkish_Martyrs'_Memorial | material | "Red granite and white marble"</mtriple>
        <mtriple>Azerbaijan | leaderTitle | Prime_Minister_of_Azerbaijan</mtriple>
        <mtriple>Baku_Turkish_Martyrs'_Memorial | dedicatedTo | "Ottoman Army soldiers killed in the Battle of Baku"</mtriple>
        <mtriple>Baku_Turkish_Martyrs'_Memorial | location | Azerbaijan</mtriple>
        <mtriple>Baku_Turkish_Martyrs'_Memorial | designer | "Hüseyin Bütüner and Hilmi Güner"</mtriple>
      </modifiedtripleset>
      <lex comment="good" lid="Id1">The Baku Turkish Martyrs' Memorial was designed by Huseyin Butuner and Hilmi Guner in red granite and white marble and is dedicated to the Ottoman Army soldiers killed in the Battle of Baku. It is located in Baku, the capital of Azerbaijan, a country led by Artur Rasizade, the Prime Minister of Azerbaijan.</lex>
      <lex comment="good" lid="Id2">Baku is the capital of Azerbaijan where Prime Minister Artur Rasizade is the leader. The city is the location of the Baku Turkish Martyrs memorial which was designed by Huseyin Butuner and Hilmi Guner in red granite and white marble. The memorial is dedicated to the soldiers of the Ottoman army who died in the Battle of Baku.</lex>
      <lex comment="good" lid="Id3">The Baku Turkish Martyrs' Memorial is located in Azerbaijan's capital, Baku. The monument is dedicated to the Ottoman Army soldiers killed in the Battle of Baku. It was designed by Hüseyin Bütüner and Hilmi Güner, and constructed from red granite and white marble. Azerbaijan's leader, the Prime Minister of Azerbaijan, is Artur Rasizade.</lex>
    </entry>
    <entry category="Monument" eid="Id15" shape="(X (X) (X) (X (X) (X) (X) (X)))" shape_type="mixed" size="7">
      <originaltripleset>
        <otriple>Azerbaijan | leader | Artur_Rasizade</otriple>
        <otriple>Azerbaijan | capital | Baku</otriple>
        <otriple>Baku_Turkish_Martyrs'_Memorial | material | "Red granite and white marble"@en</otriple>
        <otriple>Azerbaijan | leaderTitle | Prime_Minister_of_Azerbaijan</otriple>
        <otriple>Baku_Turkish_Martyrs'_Memorial | location | Azerbaijan</otriple>
        <otriple>Baku_Turkish_Martyrs'_Memorial | nativeName | "Türk Şehitleri Anıtı"@en</otriple>
        <otriple>Azerbaijan | legislature | National_Assembly_(Azerbaijan)</otriple>
      </originaltripleset>
      <modifiedtripleset>
        <mtriple>Azerbaijan | leader | Artur_Rasizade</mtriple>
        <mtriple>Azerbaijan | capital | Baku</mtriple>
        <mtriple>Baku_Turkish_Martyrs'_Memorial | material | "Red granite and white marble"</mtriple>
        <mtriple>Azerbaijan | leaderTitle | Prime_Minister_of_Azerbaijan</mtriple>
        <mtriple>Baku_Turkish_Martyrs'_Memorial | location | Azerbaijan</mtriple>
        <mtriple>Baku_Turkish_Martyrs'_Memorial | nativeName | "Türk Şehitleri Anıtı"</mtriple>
        <mtriple>Azerbaijan | legislature | National_Assembly_(Azerbaijan)</mtriple>
      </modifiedtripleset>
      <lex comment="good" lid="Id1">The Azerbaijan legislature is the National Assembly and the leader of the country is Prime Minister Artur Rasizade. The capital city is Baku and is the location of the red granite and white marble Baku Turkish Martyrs memorial which has the local name of Turk Sehitleri Aniti.</lex>
      <lex comment="good" lid="Id2">Prime Minister Artur Rasizade is the leader of Azerbaijan where the source of legislature is the National Assembly. Baku is the capital city and is the location of the red granite and white marble Baku Turkish Martyrs memorial, locally known as Turk Sehitleri Aniti.</lex>
    </entry>
    <entry category="Monument" eid="Id16" shape="(X (X) (X) (X) (X) (X (X) (X)))" shape_type="mixed" size="7">
      <originaltripleset>
        <otriple>Azerbaijan | leader | Artur_Rasizade</otriple>
        <otriple>Baku_Turkish_Martyrs'_Memorial | material | "Red granite and white marble"@en</otriple>
        <otriple>Azerbaijan | leaderTitle | Prime_Minister_of_Azerbaijan</otriple>
        <otriple>Baku_Turkish_Martyrs'_Memorial | dedicatedTo | "Ottoman Army soldiers killed in the Battle of Baku"@en</otriple>
        <otriple>Baku_Turkish_Martyrs'_Memorial | location | Azerbaijan</otriple>
        <otriple>Baku_Turkish_Martyrs'_Memorial | nativeName | "Türk Şehitleri Anıtı"@en</otriple>
        <otriple>Baku_Turkish_Martyrs'_Memorial | designer | "Hüseyin Bütüner and Hilmi Güner"@en</otriple>
      </originaltripleset>
      <modifiedtripleset>
        <mtriple>Azerbaijan | leader | Artur_Rasizade</mtriple>
        <mtriple>Baku_Turkish_Martyrs'_Memorial | material | "Red granite and white marble"</mtriple>
        <mtriple>Azerbaijan | leaderTitle | Prime_Minister_of_Azerbaijan</mtriple>
        <mtriple>Baku_Turkish_Martyrs'_Memorial | dedicatedTo | "Ottoman Army soldiers killed in the Battle of Baku"</mtriple>
        <mtriple>Baku_Turkish_Martyrs'_Memorial | location | Azerbaijan</mtriple>
        <mtriple>Baku_Turkish_Martyrs'_Memorial | nativeName | "Türk Şehitleri Anıtı"</mtriple>
        <mtriple>Baku_Turkish_Martyrs'_Memorial | designer | "Hüseyin Bütüner and Hilmi Güner"</mtriple>
      </modifiedtripleset>
      <lex comment="good" lid="Id1">Baku Turkish Martyrs' Memorial, made from red granite and white marble, is dedicated to the Ottoman Army soldiers killed in the Battle of Baku, Azerbaijan. The memorial (native name "Türk Sehitleri Aniti") was designed by Huseyin Butuner and Hilmi Guner. Artur Rasizade is the leader (official title Prime Minister) of Azerbaijan.</lex>
      <lex comment="good" lid="Id2">The Baku Turkish Martyrs' Memorial (known as Turk Sehitleri Aniti in the local language) is a red granite and white marble monument, designed by Huseyin Butuner and Hilmi Guner, and dedicated to Ottoman Army soldiers killed in the Battle of Baku. It is located in Azerbaijan, a country led by the Prime Minister of Azerbaijan, Artur Rasizade.</lex>
      <lex comment="good" lid="Id3">Artur Rasizade is is the Prime Minister and the leader of Azerbaijan. Here we can find Baku Turkish Martyrs' Memorial, that is dedicated to the Ottoman Army soldiers killed in the Battle of Baku. The native name of the Baku Turkish Martyrs' Memorial is Turk Sehitleri Aniti. Its designer was Hüseyin Bütüner and Hilmi Güner and it is made from red granite and white marble.</lex>
    </entry>
    <entry category="Monument" eid="Id17" shape="(X (X) (X) (X) (X) (X (X) (X)))" shape_type="mixed" size="7">
      <originaltripleset>
        <otriple>Baku_Turkish_Martyrs'_Memorial | material | "Red granite and white marble"@en</otriple>
        <otriple>Baku_Turkish_Martyrs'_Memorial | dedicatedTo | "Ottoman Army soldiers killed in the Battle of Baku"@en</otriple>
        <otriple>Baku_Turkish_Martyrs'_Memorial | location | Azerbaijan</otriple>
        <otriple>Baku_Turkish_Martyrs'_Memorial | nativeName | "Türk Şehitleri Anıtı"@en</otriple>
        <otriple>Azerbaijan | leaderName | Artur_Rasizade</otriple>
        <otriple>Baku_Turkish_Martyrs'_Memorial | designer | "Hüseyin Bütüner and Hilmi Güner"@en</otriple>
        <otriple>Azerbaijan | legislature | National_Assembly_(Azerbaijan)</otriple>
      </originaltripleset>
      <modifiedtripleset>
        <mtriple>Baku_Turkish_Martyrs'_Memorial | material | "Red granite and white marble"</mtriple>
        <mtriple>Baku_Turkish_Martyrs'_Memorial | dedicatedTo | "Ottoman Army soldiers killed in the Battle of Baku"</mtriple>
        <mtriple>Baku_Turkish_Martyrs'_Memorial | location | Azerbaijan</mtriple>
        <mtriple>Baku_Turkish_Martyrs'_Memorial | nativeName | "Türk Şehitleri Anıtı"</mtriple>
        <mtriple>Azerbaijan | leaderName | Artur_Rasizade</mtriple>
        <mtriple>Baku_Turkish_Martyrs'_Memorial | designer | "Hüseyin Bütüner and Hilmi Güner"</mtriple>
        <mtriple>Azerbaijan | legislature | National_Assembly_(Azerbaijan)</mtriple>
      </modifiedtripleset>
      <lex comment="good" lid="Id1">The Baku Turkish Martyrs' Memorial (known as Turk Sehitleri Aniti) was designed by Hüseyin Bütüner and Hilmi Güner in red granite and white marble, and is dedicated to the Ottoman Army soldiers killed in the Battle of Baku. It is located in Azerbaijan, where the leader is Artur Rasizade, and the National Assembly is the legislative branch of government.</lex>
      <lex comment="good" lid="Id2">The Baku Turkish Martyrs memorial, dedicated to the soldiers of the Ottoman army who died at the Battle of Baku was designed in red granite and white marble by Huseyin Butuner and Hilmi Guner. The native name for the memorial which is located in the city of Baku, Azerbaijan, is Turk Sehitleri Aniti. Turkey is led by Artur Rasizade and the National Assembly is the legislature within the country.</lex>
    </entry>
    <entry category="Monument" eid="Id18" shape="(X (X) (X) (X (X) (X) (X) (X)))" shape_type="mixed" size="7">
      <originaltripleset>
        <otriple>Dead_Man's_Plack | location | England</otriple>
        <otriple>England | ethnicGroups | British_Arabs</otriple>
        <otriple>England | capital | London</otriple>
        <otriple>Dead_Man's_Plack | dedicatedTo | Æthelwald,_Ealdorman_of_East_Anglia</otriple>
        <otriple>England | languages | Cornish_language</otriple>
        <otriple>England | religion | Church_of_England</otriple>
        <otriple>Dead_Man's_Plack | material | Rock_(geology)</otriple>
      </originaltripleset>
      <modifiedtripleset>
        <mtriple>Dead_Man's_Plack | location | England</mtriple>
        <mtriple>England | ethnicGroups | British_Arabs</mtriple>
        <mtriple>England | capital | London</mtriple>
        <mtriple>Dead_Man's_Plack | dedicatedTo | Æthelwald,_Ealdorman_of_East_Anglia</mtriple>
        <mtriple>England | languages | Cornish_language</mtriple>
        <mtriple>England | religion | Church_of_England</mtriple>
        <mtriple>Dead_Man's_Plack | material | Rock_(geology)</mtriple>
      </modifiedtripleset>
      <lex comment="good" lid="Id1">Dead Man's Plack is a rock monument found in England and dedicated to Aethelwald, Ealdorman of East Anglia. One of the ethnic groups of the country are the British Arabs, and the Church of England is the official religion. The Cornish language is still spoken in parts of the country. London is the capital city of England.</lex>
      <lex comment="good" lid="Id2">Dead Man's Plack is located in England, made from stone, and dedicated to AEthelwald, Ealdorman of East Anglia. England's established religion is The Church of England, and the capital city is London. The Cornish language is spoken there, and the British Arabs are an English ethnic group.</lex>
      <lex comment="good" lid="Id3">The capital of England is London where we can find the Dead Man's Plack which is made of stone. The Plack is dedicated to Æthelwald, Ealdorman of East Anglia. Cornish language is spoken in England and it has an established religion called the Church of England. One of the ethnic groups found in that country is the British Arabs.</lex>
    </entry>
    <entry category="Monument" eid="Id19" shape="(X (X) (X) (X) (X) (X (X) (X)))" shape_type="mixed" size="7">
      <originaltripleset>
        <otriple>Monocacy_National_Battlefield | location | Frederick_County,_Maryland</otriple>
        <otriple>14th_New_Jersey_Volunteer_Infantry_Monument | established | "1907-07-11"^^xsd:date</otriple>
        <otriple>14th_New_Jersey_Volunteer_Infantry_Monument | country | "United States"@en</otriple>
        <otriple>14th_New_Jersey_Volunteer_Infantry_Monument | category | Historic_districts_in_the_United_States</otriple>
        <otriple>14th_New_Jersey_Volunteer_Infantry_Monument | district | Monocacy_National_Battlefield</otriple>
        <otriple>Monocacy_National_Battlefield | nearestCity | Frederick,_Maryland</otriple>
        <otriple>14th_New_Jersey_Volunteer_Infantry_Monument | owningOrganisation | National_Park_Service</otriple>
      </originaltripleset>
      <modifiedtripleset>
        <mtriple>Monocacy_National_Battlefield | location | Frederick_County,_Maryland</mtriple>
        <mtriple>14th_New_Jersey_Volunteer_Infantry_Monument | established | "1907-07-11"</mtriple>
        <mtriple>14th_New_Jersey_Volunteer_Infantry_Monument | country | "United States"</mtriple>
        <mtriple>14th_New_Jersey_Volunteer_Infantry_Monument | category | Historic_districts_in_the_United_States</mtriple>
        <mtriple>14th_New_Jersey_Volunteer_Infantry_Monument | district | Monocacy_National_Battlefield</mtriple>
        <mtriple>Monocacy_National_Battlefield | nearestCity | Frederick,_Maryland</mtriple>
        <mtriple>14th_New_Jersey_Volunteer_Infantry_Monument | owningOrganisation | National_Park_Service</mtriple>
      </modifiedtripleset>
      <lex comment="good" lid="Id1">The 14th New Jersey Volunteer Infantry Monument is found in the Monocacy National Battlefield, Frederick County, Maryland. Located near to the city of Frederick, the monument was established on 11th July 1907, is owned by the National Park Service and belongs to the category of Historic districts in the United States.</lex>
      <lex comment="good" lid="Id2">Frederick, Maryland is the nearest city to the 14th New Jersey Volunteer Infantry Monument which was established on 11 July 1907 at the Monocacy National Battlefield in Frederick County, Maryland. The monument is categorised as a historic district in the US and is owned by the National Park Service.</lex>
      <lex comment="good" lid="Id3">The 14th New Jersey Volunteer Infantry Monument is owned by the National Park Service. It was established on July 11th, 1907 and is categorized as a historic district in the United States and is found in the Monocacy National Battlefield (Frederick County), the city nearest to this is Frederick, Maryland.</lex>
    </entry>
    <entry category="Monument" eid="Id20" shape="(X (X) (X) (X) (X (X) (X) (X)))" shape_type="mixed" size="7">
      <originaltripleset>
        <otriple>Turkey | leader | Ahmet_Davutoğlu</otriple>
        <otriple>Atatürk_Monument_(İzmir) | designer | Pietro_Canonica</otriple>
        <otriple>Turkey | capital | Ankara</otriple>
        <otriple>Atatürk_Monument_(İzmir) | material | "Bronze"@en</otriple>
        <otriple>Turkey | currency | Turkish_lira</otriple>
        <otriple>Atatürk_Monument_(İzmir) | open | "1932-07-27"^^xsd:date</otriple>
        <otriple>Atatürk_Monument_(İzmir) | location | Turkey</otriple>
      </originaltripleset>
      <modifiedtripleset>
        <mtriple>Turkey | leader | Ahmet_Davutoğlu</mtriple>
        <mtriple>Atatürk_Monument_(İzmir) | designer | Pietro_Canonica</mtriple>
        <mtriple>Turkey | capital | Ankara</mtriple>
        <mtriple>Atatürk_Monument_(İzmir) | material | "Bronze"</mtriple>
        <mtriple>Turkey | currency | Turkish_lira</mtriple>
        <mtriple>Atatürk_Monument_(İzmir) | inaugurationDate | "1932-07-27"</mtriple>
        <mtriple>Atatürk_Monument_(İzmir) | location | Turkey</mtriple>
      </modifiedtripleset>
      <lex comment="good" lid="Id1">The Atatürk Monument in İzmir is a bronze monument designed by Pietro Canonica, and inaugurated on July 27th, 1932. It is located in Turkey, where the capital city is Ankara, the currency is the Turkish lira, and the leader is named Ahmet Davutoğlu.</lex>
      <lex comment="good" lid="Id2">Pietro Canonica designed the bronze Ataturk monument which was inaugurated in Turkey on 27 July 1932 in Izmir. The leader of the country is Ahmet Davutoglu and the currency is the Turkish lira. Ankara is the capital of Turkey.</lex>
      <lex comment="good" lid="Id3">The lira is the currency of Turkey where Ahmet Davutoglu is the leader and the capital city is Ankara. The country is the site of the bronze Ataturk monument at Izmir which was designed by Pietro Canonica and inaugurated on 27 July 1932.</lex>
    </entry>
    <entry category="Monument" eid="Id21" shape="(X (X) (X) (X) (X (X) (X) (X)))" shape_type="mixed" size="7">
      <originaltripleset>
        <otriple>Turkey | leader | Ahmet_Davutoğlu</otriple>
        <otriple>Atatürk_Monument_(İzmir) | designer | Pietro_Canonica</otriple>
        <otriple>Turkey | capital | Ankara</otriple>
        <otriple>Turkey | largestCity | Istanbul</otriple>
        <otriple>Atatürk_Monument_(İzmir) | material | "Bronze"@en</otriple>
        <otriple>Atatürk_Monument_(İzmir) | open | "1932-07-27"^^xsd:date</otriple>
        <otriple>Atatürk_Monument_(İzmir) | location | Turkey</otriple>
      </originaltripleset>
      <modifiedtripleset>
        <mtriple>Turkey | leader | Ahmet_Davutoğlu</mtriple>
        <mtriple>Atatürk_Monument_(İzmir) | designer | Pietro_Canonica</mtriple>
        <mtriple>Turkey | capital | Ankara</mtriple>
        <mtriple>Turkey | largestCity | Istanbul</mtriple>
        <mtriple>Atatürk_Monument_(İzmir) | material | "Bronze"</mtriple>
        <mtriple>Atatürk_Monument_(İzmir) | inaugurationDate | "1932-07-27"</mtriple>
        <mtriple>Atatürk_Monument_(İzmir) | location | Turkey</mtriple>
      </modifiedtripleset>
      <lex comment="good" lid="Id1">The largest city in Turkey is Istanbul, although the capital city is Ankara. The country is led by Ahmet Davutoglu and is the location of the bronze Ataturk Monument designed by Pietro Canonica which was inaugurated on 27 July 1932 and is located in Izmir.</lex>
      <lex comment="good" lid="Id2">The Turkish leader is Ahmet Davutoglu and although the largest city is Istanbul, the capital is Ankara. Izmir is the location of the Ataturk monument designed by Pietro Canonica in bronze and inaugurated on 27 July 1932.</lex>
      <lex comment="good" lid="Id3">The largest city in Turkey is Istanbul, and the capital city is Ankara. The country is led by Ahmet Davutoglu and is the location of the bronze Ataturk monument which was designed by Pietro Canonica and inaugurated in Izmir on 27 July 1932.</lex>
    </entry>
    <entry category="Monument" eid="Id22" shape="(X (X) (X) (X) (X (X) (X) (X)))" shape_type="mixed" size="7">
      <originaltripleset>
        <otriple>Turkey | leaderTitle | President_of_Turkey</otriple>
        <otriple>Atatürk_Monument_(İzmir) | designer | Pietro_Canonica</otriple>
        <otriple>Turkey | capital | Ankara</otriple>
        <otriple>Turkey | largestCity | Istanbul</otriple>
        <otriple>Atatürk_Monument_(İzmir) | material | "Bronze"@en</otriple>
        <otriple>Atatürk_Monument_(İzmir) | open | "1932-07-27"^^xsd:date</otriple>
        <otriple>Atatürk_Monument_(İzmir) | location | Turkey</otriple>
      </originaltripleset>
      <modifiedtripleset>
        <mtriple>Turkey | leaderTitle | President_of_Turkey</mtriple>
        <mtriple>Atatürk_Monument_(İzmir) | designer | Pietro_Canonica</mtriple>
        <mtriple>Turkey | capital | Ankara</mtriple>
        <mtriple>Turkey | largestCity | Istanbul</mtriple>
        <mtriple>Atatürk_Monument_(İzmir) | material | "Bronze"</mtriple>
        <mtriple>Atatürk_Monument_(İzmir) | inaugurationDate | "1932-07-27"</mtriple>
        <mtriple>Atatürk_Monument_(İzmir) | location | Turkey</mtriple>
      </modifiedtripleset>
      <lex comment="good" lid="Id1">The Atatürk Monument (İzmir), found in Turkey, is made of bronze and was designed by Pietro Canonica. The monument was established on the 27th of July, 1932. Turkey's capital is Ankara and its largest city is Istanbul. The leader's official title is the President of Turkey.</lex>
      <lex comment="good" lid="Id2">The official leader of Turkey is called the President. Its capital is located in Ankara and its largest city is Istanbul. It has a monument called the Ataturk. The Ataturk Monument was designed by Pietro Canonica and was founded on July 27, 1982. It is made of bronze.</lex>
      <lex comment="good" lid="Id3">The Ataturk Monument (Izmir) is located in Turkey, a country led by the country's president. Istanbul is the largest city, and Ankara is the capital. The monument was designed by Pietro Canonica, made of bronze, and inaugurated on the 27th of July, 1932.</lex>
    </entry>
    <entry category="Monument" eid="Id23" shape="(X (X) (X) (X) (X (X) (X) (X)))" shape_type="mixed" size="7">
      <originaltripleset>
        <otriple>Turkey | leaderTitle | President_of_Turkey</otriple>
        <otriple>Atatürk_Monument_(İzmir) | designer | Pietro_Canonica</otriple>
        <otriple>Turkey | leaderName | Ahmet_Davutoğlu</otriple>
        <otriple>Turkey | capital | Ankara</otriple>
        <otriple>Atatürk_Monument_(İzmir) | material | "Bronze"@en</otriple>
        <otriple>Atatürk_Monument_(İzmir) | open | "1932-07-27"^^xsd:date</otriple>
        <otriple>Atatürk_Monument_(İzmir) | location | Turkey</otriple>
      </originaltripleset>
      <modifiedtripleset>
        <mtriple>Turkey | leaderTitle | President_of_Turkey</mtriple>
        <mtriple>Atatürk_Monument_(İzmir) | designer | Pietro_Canonica</mtriple>
        <mtriple>Turkey | leaderName | Ahmet_Davutoğlu</mtriple>
        <mtriple>Turkey | capital | Ankara</mtriple>
        <mtriple>Atatürk_Monument_(İzmir) | material | "Bronze"</mtriple>
        <mtriple>Atatürk_Monument_(İzmir) | inaugurationDate | "1932-07-27"</mtriple>
        <mtriple>Atatürk_Monument_(İzmir) | location | Turkey</mtriple>
      </modifiedtripleset>
      <lex comment="good" lid="Id1">The Ataturk Monument (Izmir) was designed by Pietro Canonica, and made of bronze. It is located in Izmir, Turkey, and was inaugurated July 27th, 1932. The country is led by President Ahmet Davutoglu, and the capital city is Ankara.</lex>
      <lex comment="good" lid="Id2">The Ataturk Monument (Izmir) is a bronze monument designed by Pietro Canonica, and inaugurated on 27th July, 1932. It is located in Turkey, where the capital is Ankara, and the leader (the President of Turkey) is Ahmet Davutoğlu.</lex>
    </entry>
    <entry category="Monument" eid="Id24" shape="(X (X) (X) (X (X) (X) (X) (X)))" shape_type="mixed" size="7">
      <originaltripleset>
        <otriple>Turkey | leaderTitle | President_of_Turkey</otriple>
        <otriple>Atatürk_Monument_(İzmir) | designer | Pietro_Canonica</otriple>
        <otriple>Turkey | leaderName | Ahmet_Davutoğlu</otriple>
        <otriple>Turkey | largestCity | Istanbul</otriple>
        <otriple>Atatürk_Monument_(İzmir) | material | "Bronze"@en</otriple>
        <otriple>Turkey | currency | Turkish_lira</otriple>
        <otriple>Atatürk_Monument_(İzmir) | location | Turkey</otriple>
      </originaltripleset>
      <modifiedtripleset>
        <mtriple>Turkey | leaderTitle | President_of_Turkey</mtriple>
        <mtriple>Atatürk_Monument_(İzmir) | designer | Pietro_Canonica</mtriple>
        <mtriple>Turkey | leaderName | Ahmet_Davutoğlu</mtriple>
        <mtriple>Turkey | largestCity | Istanbul</mtriple>
        <mtriple>Atatürk_Monument_(İzmir) | material | "Bronze"</mtriple>
        <mtriple>Turkey | currency | Turkish_lira</mtriple>
        <mtriple>Atatürk_Monument_(İzmir) | location | Turkey</mtriple>
      </modifiedtripleset>
      <lex comment="good" lid="Id1">The official title of the Turkish leader is President of Turkey. Ahmet Davutoglu is Turkeys leader. The largest city in Turkey is Istanbul. Lira is the currency used in Turkey. In Izmir is the Ataturk Monument, which was designed by Pietro Canonica and is made of Bronze.</lex>
      <lex comment="good" lid="Id2">The Atatürk Monument is a bronze structure located in Izmir, and designed by Pietro Canonica. It is found in Turkey, where the largest city is Istanbul, the currency is the Turkish Lira, and the leader, the President of Turkey, is named Ahmet Davutoglu.</lex>
    </entry>
    <entry category="Monument" eid="Id25" shape="(X (X) (X) (X (X) (X) (X) (X)))" shape_type="mixed" size="7">
      <originaltripleset>
        <otriple>Turkey | leaderTitle | President_of_Turkey</otriple>
        <otriple>Turkey | leader | Ahmet_Davutoğlu</otriple>
        <otriple>Atatürk_Monument_(İzmir) | designer | Pietro_Canonica</otriple>
        <otriple>Turkey | largestCity | Istanbul</otriple>
        <otriple>Turkey | currency | Turkish_lira</otriple>
        <otriple>Atatürk_Monument_(İzmir) | open | "1932-07-27"^^xsd:date</otriple>
        <otriple>Atatürk_Monument_(İzmir) | location | Turkey</otriple>
      </originaltripleset>
      <modifiedtripleset>
        <mtriple>Turkey | leaderTitle | President_of_Turkey</mtriple>
        <mtriple>Turkey | leader | Ahmet_Davutoğlu</mtriple>
        <mtriple>Atatürk_Monument_(İzmir) | designer | Pietro_Canonica</mtriple>
        <mtriple>Turkey | largestCity | Istanbul</mtriple>
        <mtriple>Turkey | currency | Turkish_lira</mtriple>
        <mtriple>Atatürk_Monument_(İzmir) | inaugurationDate | "1932-07-27"</mtriple>
        <mtriple>Atatürk_Monument_(İzmir) | location | Turkey</mtriple>
      </modifiedtripleset>
      <lex comment="good" lid="Id1">The Atatürk Monument in İzmir was designed by Pietro Canonica and was inaugurated on 27th July, 1932. It can be found in Turkey, a country with Istanbul as its largest city and the lira as its currency, and led by the President of Turkey, Ahmet Davutoglu.</lex>
      <lex comment="good" lid="Id2">The Leader Of Turkey (official title President of Turkey) is Ahmet Davutoğlu. Ataturk Monument, located in İzmir was designed by Pietro Canonica and was inaugurated on 27th of July, 1932. Turkey's largest city is Istanbul and their currency is the Turkish lira.</lex>
      <lex comment="good" lid="Id3">The Turkish leader (official title President of Turkey) is Ahmet Davutoglu. Pietro Canonica designed the Ataturk Monument in Izmir and it was inaugurated on 27th of July, 1932. Turkey's largest City is Istanbul and the currency is the Turkish lira.</lex>
    </entry>
    <entry category="Monument" eid="Id26" shape="(X (X) (X (X) (X) (X) (X) (X)))" shape_type="mixed" size="7">
      <originaltripleset>
        <otriple>Turkey | leaderTitle | President_of_Turkey</otriple>
        <otriple>Turkey | leader | Ahmet_Davutoğlu</otriple>
        <otriple>Turkey | capital | Ankara</otriple>
        <otriple>Turkey | largestCity | Istanbul</otriple>
        <otriple>Atatürk_Monument_(İzmir) | material | "Bronze"@en</otriple>
        <otriple>Turkey | currency | Turkish_lira</otriple>
        <otriple>Atatürk_Monument_(İzmir) | location | Turkey</otriple>
      </originaltripleset>
      <modifiedtripleset>
        <mtriple>Turkey | leaderTitle | President_of_Turkey</mtriple>
        <mtriple>Turkey | leader | Ahmet_Davutoğlu</mtriple>
        <mtriple>Turkey | capital | Ankara</mtriple>
        <mtriple>Turkey | largestCity | Istanbul</mtriple>
        <mtriple>Atatürk_Monument_(İzmir) | material | "Bronze"</mtriple>
        <mtriple>Turkey | currency | Turkish_lira</mtriple>
        <mtriple>Atatürk_Monument_(İzmir) | location | Turkey</mtriple>
      </modifiedtripleset>
      <lex comment="good" lid="Id1">Turkey's leader is Ahmet Davutoglu, who is the President of Turkey. Its capital is Ankara and the largest city is Istanbul. The currency used in Turkey is Turkish Lira. The ataturk Monument (Izmir), that is located in Turkey, is made of bronze.</lex>
      <lex comment="good" lid="Id2">The bronze Ataturk monument is located in Turkey where President Ahmet Davutoglu is the leader. The capital city is Ankara, although the largest city is Istanbul and the local currency is the Turkish lira.</lex>
      <lex comment="good" lid="Id3">President Ahmet Davutoglu is the leader of Turkey which has the capital city of Ankara, although the largest city is Istanbul. The currency of the country is the Turkish lira and the country is the location of the bronze Ataturk monument.</lex>
    </entry>
  </entries>
</benchmark>
